<?xml version="1.0" encoding="utf-8"?>
<metafile version="3.1" client="administrator">
	<name>Hebrew (Israel)</name>
	<version>3.1.1.2</version>
	<creationDate>2013-05-13</creationDate>
	<author>Joomla! Project</author>
	<authorEmail>info@joomla.org.il</authorEmail>
	<authorUrl>www.joomla.org.il</authorUrl>
	<copyright>Copyright (C) 2005 - 2013 Open Source Matters. All rights reserved.</copyright>
	<license>GNU General Public License version 2 or later, see LICENSE.txt</license>
	<description>Hebrew administrator language package</description>
	<metadata>
		<name>Hebrew</name>
		<tag>he-IL</tag>
		<rtl>1</rtl>
		<locale>he_IL.utf8, he_IL.UTF-8, he_IL, heb_IL, he, hebrew, hebrew-il, il, israel, heb</locale>
        <calendar>gregorian</calendar>
	</metadata>	
	<params />
</metafile>
