<?xml version="1.0" encoding="utf-8"?>
<extension version="3.1" client="administrator" type="language" method="upgrade">
	<name>Hebrew (Israel)</name>
	<tag>he-IL</tag>
	<version>3.1.1.2</version>
	<creationDate>2013-05-13</creationDate>
	<author>Joomla! Project (Hebrew)</author>
	<authorEmail>info@joomla.org.il</authorEmail>
	<authorUrl>www.joomla.org.il</authorUrl>
	<copyright>Copyright (C) 2005 - 2013 Open Source Matters. All rights reserved.</copyright>
	<license>GNU General Public License version 2 or later, see LICENSE.txt</license>
	<description>Hebrew administrator language package</description>
	<files>
		<filename>he-IL.com_admin.ini</filename>
		<filename>he-IL.com_admin.sys.ini</filename>
		<filename>he-IL.com_banners.ini</filename>
		<filename>he-IL.com_banners.sys.ini</filename>
		<filename>he-IL.com_cache.ini</filename>
		<filename>he-IL.com_cache.sys.ini</filename>
		<filename>he-IL.com_categories.ini</filename>
		<filename>he-IL.com_categories.sys.ini</filename>
		<filename>he-IL.com_checkin.ini</filename>
		<filename>he-IL.com_checkin.sys.ini</filename>
		<filename>he-IL.com_config.ini</filename>
		<filename>he-IL.com_config.sys.ini</filename>
		<filename>he-IL.com_contact.ini</filename>
		<filename>he-IL.com_contact.sys.ini</filename>
		<filename>he-IL.com_content.ini</filename>
		<filename>he-IL.com_content.sys.ini</filename>
		<filename>he-IL.com_cpanel.ini</filename>
		<filename>he-IL.com_cpanel.sys.ini</filename>
		<filename>he-IL.com_finder.ini</filename>
		<filename>he-IL.com_finder.sys.ini</filename>
		<filename>he-IL.com_installer.ini</filename>
		<filename>he-IL.com_installer.sys.ini</filename>
		<filename>he-IL.com_joomlaupdate.ini</filename>
		<filename>he-IL.com_joomlaupdate.sys.ini</filename>
		<filename>he-IL.com_languages.ini</filename>
		<filename>he-IL.com_languages.sys.ini</filename>
		<filename>he-IL.com_login.ini</filename>
		<filename>he-IL.com_login.sys.ini</filename>
		<filename>he-IL.com_mailto.sys.ini</filename>
		<filename>he-IL.com_media.ini</filename>
		<filename>he-IL.com_media.sys.ini</filename>
		<filename>he-IL.com_menus.ini</filename>
		<filename>he-IL.com_menus.sys.ini</filename>
		<filename>he-IL.com_messages.ini</filename>
		<filename>he-IL.com_messages.sys.ini</filename>
		<filename>he-IL.com_modules.ini</filename>
		<filename>he-IL.com_modules.sys.ini</filename>
		<filename>he-IL.com_newsfeeds.ini</filename>
		<filename>he-IL.com_newsfeeds.sys.ini</filename>
		<filename>he-IL.com_plugins.ini</filename>
		<filename>he-IL.com_plugins.sys.ini</filename>
		<filename>he-IL.com_redirect.ini</filename>
		<filename>he-IL.com_redirect.sys.ini</filename>
		<filename>he-IL.com_search.ini</filename>
		<filename>he-IL.com_search.sys.ini</filename>
		<filename>he-IL.com_tags.ini</filename>
		<filename>he-IL.com_tags.sys.ini</filename>
		<filename>he-IL.com_templates.ini</filename>
		<filename>he-IL.com_templates.sys.ini</filename>
		<filename>he-IL.com_users.ini</filename>
		<filename>he-IL.com_users.sys.ini</filename>
		<filename>he-IL.com_weblinks.ini</filename>
		<filename>he-IL.com_weblinks.sys.ini</filename>
		<filename>he-IL.com_wrapper.ini</filename>
		<filename>he-IL.com_wrapper.sys.ini</filename>
		<filename>he-IL.ini</filename>
		<filename>he-IL.lib_joomla.ini</filename>
		<filename>he-IL.localise.php</filename>
		<filename>he-IL.mod_custom.ini</filename>
		<filename>he-IL.mod_custom.sys.ini</filename>
		<filename>he-IL.mod_feed.ini</filename>
		<filename>he-IL.mod_feed.sys.ini</filename>
		<filename>he-IL.mod_latest.ini</filename>
		<filename>he-IL.mod_latest.sys.ini</filename>
		<filename>he-IL.mod_logged.ini</filename>
		<filename>he-IL.mod_logged.sys.ini</filename>
		<filename>he-IL.mod_login.ini</filename>
		<filename>he-IL.mod_login.sys.ini</filename>
		<filename>he-IL.mod_menu.ini</filename>
		<filename>he-IL.mod_menu.sys.ini</filename>
		<filename>he-IL.mod_multilangstatus.ini</filename>
		<filename>he-IL.mod_multilangstatus.sys.ini</filename>
		<filename>he-IL.mod_popular.ini</filename>
		<filename>he-IL.mod_popular.sys.ini</filename>
		<filename>he-IL.mod_quickicon.ini</filename>
		<filename>he-IL.mod_quickicon.sys.ini</filename>
		<filename>he-IL.mod_stats_admin.ini</filename>
		<filename>he-IL.mod_stats_admin.sys.ini</filename>
		<filename>he-IL.mod_status.ini</filename>
		<filename>he-IL.mod_status.sys.ini</filename>
		<filename>he-IL.mod_submenu.ini</filename>
		<filename>he-IL.mod_submenu.sys.ini</filename>
		<filename>he-IL.mod_title.ini</filename>
		<filename>he-IL.mod_title.sys.ini</filename>
		<filename>he-IL.mod_toolbar.ini</filename>
		<filename>he-IL.mod_toolbar.sys.ini</filename>
		<filename>he-IL.mod_version.ini</filename>
		<filename>he-IL.mod_version.sys.ini</filename>
		<filename>he-IL.plg_authentication_gmail.ini</filename>
		<filename>he-IL.plg_authentication_gmail.sys.ini</filename>
		<filename>he-IL.plg_authentication_joomla.ini</filename>
		<filename>he-IL.plg_authentication_joomla.sys.ini</filename>
		<filename>he-IL.plg_authentication_ldap.ini</filename>
		<filename>he-IL.plg_authentication_ldap.sys.ini</filename>
		<filename>he-IL.plg_captcha_recaptcha.ini</filename>
		<filename>he-IL.plg_captcha_recaptcha.sys.ini</filename>
		<filename>he-IL.plg_content_emailcloak.ini</filename>
		<filename>he-IL.plg_content_emailcloak.sys.ini</filename>
		<filename>he-IL.plg_content_finder.ini</filename>
		<filename>he-IL.plg_content_finder.sys.ini</filename>
		<filename>he-IL.plg_content_joomla.ini</filename>
		<filename>he-IL.plg_content_joomla.sys.ini</filename>
		<filename>he-IL.plg_content_loadmodule.ini</filename>
		<filename>he-IL.plg_content_loadmodule.sys.ini</filename>
		<filename>he-IL.plg_content_pagebreak.ini</filename>
		<filename>he-IL.plg_content_pagebreak.sys.ini</filename>
		<filename>he-IL.plg_content_pagenavigation.ini</filename>
		<filename>he-IL.plg_content_pagenavigation.sys.ini</filename>
		<filename>he-IL.plg_content_vote.ini</filename>
		<filename>he-IL.plg_content_vote.sys.ini</filename>
		<filename>he-IL.plg_editors_codemirror.ini</filename>
		<filename>he-IL.plg_editors_codemirror.sys.ini</filename>
		<filename>he-IL.plg_editors_none.ini</filename>
		<filename>he-IL.plg_editors_none.sys.ini</filename>
		<filename>he-IL.plg_editors_tinymce.ini</filename>
		<filename>he-IL.plg_editors_tinymce.sys.ini</filename>
		<filename>he-IL.plg_editors-xtd_article.ini</filename>
		<filename>he-IL.plg_editors-xtd_article.sys.ini</filename>
		<filename>he-IL.plg_editors-xtd_image.ini</filename>
		<filename>he-IL.plg_editors-xtd_image.sys.ini</filename>
		<filename>he-IL.plg_editors-xtd_pagebreak.ini</filename>
		<filename>he-IL.plg_editors-xtd_pagebreak.sys.ini</filename>
		<filename>he-IL.plg_editors-xtd_readmore.ini</filename>
		<filename>he-IL.plg_editors-xtd_readmore.sys.ini</filename>
		<filename>he-IL.plg_extension_joomla.ini</filename>
		<filename>he-IL.plg_extension_joomla.sys.ini</filename>
		<filename>he-IL.plg_finder_categories.ini</filename>
		<filename>he-IL.plg_finder_categories.sys.ini</filename>
		<filename>he-IL.plg_finder_contacts.ini</filename>
		<filename>he-IL.plg_finder_contacts.sys.ini</filename>
		<filename>he-IL.plg_finder_content.ini</filename>
		<filename>he-IL.plg_finder_content.sys.ini</filename>
		<filename>he-IL.plg_finder_newsfeeds.ini</filename>
		<filename>he-IL.plg_finder_newsfeeds.sys.ini</filename>
		<filename>he-IL.plg_finder_tags.ini</filename>
		<filename>he-IL.plg_finder_tags.sys.ini</filename>
		<filename>he-IL.plg_finder_weblinks.ini</filename>
		<filename>he-IL.plg_finder_weblinks.sys.ini</filename>
		<filename>he-IL.plg_quickicon_extensionupdate.ini</filename>
		<filename>he-IL.plg_quickicon_extensionupdate.sys.ini</filename>
		<filename>he-IL.plg_quickicon_joomlaupdate.ini</filename>
		<filename>he-IL.plg_quickicon_joomlaupdate.sys.ini</filename>
		<filename>he-IL.plg_search_categories.ini</filename>
		<filename>he-IL.plg_search_categories.sys.ini</filename>
		<filename>he-IL.plg_search_contacts.ini</filename>
		<filename>he-IL.plg_search_contacts.sys.ini</filename>
		<filename>he-IL.plg_search_content.ini</filename>
		<filename>he-IL.plg_search_content.sys.ini</filename>
		<filename>he-IL.plg_search_newsfeeds.ini</filename>
		<filename>he-IL.plg_search_newsfeeds.sys.ini</filename>
		<filename>he-IL.plg_search_weblinks.ini</filename>
		<filename>he-IL.plg_search_weblinks.sys.ini</filename>
		<filename>he-IL.plg_system_cache.ini</filename>
		<filename>he-IL.plg_system_cache.sys.ini</filename>
		<filename>he-IL.plg_system_debug.ini</filename>
		<filename>he-IL.plg_system_debug.sys.ini</filename>
		<filename>he-IL.plg_system_highlight.ini</filename>
		<filename>he-IL.plg_system_highlight.sys.ini</filename>
		<filename>he-IL.plg_system_languagecode.ini</filename>
		<filename>he-IL.plg_system_languagecode.sys.ini</filename>
		<filename>he-IL.plg_system_languagefilter.ini</filename>
		<filename>he-IL.plg_system_languagefilter.sys.ini</filename>
		<filename>he-IL.plg_system_log.ini</filename>
		<filename>he-IL.plg_system_log.sys.ini</filename>
		<filename>he-IL.plg_system_logout.ini</filename>
		<filename>he-IL.plg_system_logout.sys.ini</filename>
		<filename>he-IL.plg_system_p3p.ini</filename>
		<filename>he-IL.plg_system_p3p.sys.ini</filename>
		<filename>he-IL.plg_system_redirect.ini</filename>
		<filename>he-IL.plg_system_redirect.sys.ini</filename>
		<filename>he-IL.plg_system_remember.ini</filename>
		<filename>he-IL.plg_system_remember.sys.ini</filename>
		<filename>he-IL.plg_system_sef.ini</filename>
		<filename>he-IL.plg_system_sef.sys.ini</filename>
		<filename>he-IL.plg_user_contactcreator.ini</filename>
		<filename>he-IL.plg_user_contactcreator.sys.ini</filename>
		<filename>he-IL.plg_user_joomla.ini</filename>
		<filename>he-IL.plg_user_joomla.sys.ini</filename>
		<filename>he-IL.plg_user_profile.ini</filename>
		<filename>he-IL.plg_user_profile.sys.ini</filename>
		<filename>he-IL.tpl_hathor.ini</filename>
		<filename>he-IL.tpl_hathor.sys.ini</filename>
		<filename>he-IL.tpl_isis.ini</filename>
		<filename>he-IL.tpl_isis.sys.ini</filename>
		<filename>index.html</filename>
		<filename file="meta">install.xml</filename>
		<filename file="meta">he-IL.xml</filename>
	</files>
	<metadata>
		<name>Hebrew</name>
		<tag>he-IL</tag>
		<rtl>1</rtl>
		<locale>he_IL.utf8, he_IL.UTF-8, he_IL, heb_IL, he, hebrew, hebrew-il, il, israel, heb</locale>
		<firstDay>0</firstDay>
	</metadata>	
	<params />
</extension>
