<?xml version="1.0" encoding="utf-8"?>
<metafile version="3.9" client="site">
	<name>Slovak (sk-SK)</name>
	<version>3.9.28</version>
	<creationDate>Júl 2021</creationDate>
	<author>Slovak translation team : Peter Michnica</author>
	<authorEmail>petov@mail.com</authorEmail>
	<authorUrl>www.joomla.org</authorUrl>
	<copyright>Copyright (C) 2005-2020 Open Source Matters. Všetky práva vyhradené.</copyright>
	<license>GNU General Public License verzie 2 alebo neskoršej; Pozrite si súbor LICENSE.txt</license>
	<description><![CDATA[sk-SK jazyková mutácia pre webové rozhranie]]></description>
	<metadata>
		<name>Slovak (Slovakia)</name>
		<nativeName>Slovenčina (Slovenská republika)</nativeName>
		<tag>sk-SK</tag>
		<rtl>0</rtl>
		<locale>sk_SK.utf8, sk_SK.UTF-8, sk_SK, svk_SK, sk, slovak, svk, slovakia, slovak republic, lo, sr, slovenska republika, slovenská republika, slovakia, slovensko</locale>
		<firstDay>1</firstDay>
		<weekEnd>0,6</weekEnd>
		<calendar>gregorian</calendar>
	</metadata>
	<params/>
</metafile>
