<softinstall xmlns="http://www.softaculous.com">
	<settings>
		<group>
			<heading>{{ad_act}}</heading>
			<input type="text" name="admin_username" size="30" value="admin">
				<head>{{ad_name}}</head>
			</input>
			<input type="text" name="admin_pass" size="30" value="pass">
				<head>{{ad_pass}}</head>
				<handle>__ad_pass</handle>
			</input>
		</group>
		<group>
			<heading>{{ad_lang}}</heading>
			<input type="select">
				<select name="language">
					<option value="en_US">English (US)</option>
					<option value="en_GB">English (UK)</option>
					<option value="es_MX">Spanish (Mexico)</option>
					<option value="cs_CZ">Czech</option>	
					<option value="da_DK">Danish</option>
					<option value="nl_NL">Dutch</option>
					<option value="fr_FR">French</option>
					<option value="de_DE">German</option>
					<option value="hr_HR">Croatian</option>
					<option value="nb_NO">Norwegian</option>
					<option value="pl_PL">Polish</option>
					<option value="lt_LT">Lithuanian</option>
					<option value="pt_BR">Portuguese (Brazilian)</option>
					<option value="ro_RO">Romanian</option>	
					<option value="ru_RU">Russian</option>
					<option value="zh_CN">Simplified Chinese (China)</option>
					<option value="es_ES">Spanish</option>
					<option value="tr_TR">Turkish</option>
					<option value="vi_VN">Vietnamese</option>
					<option value="uk_UA">Ukrainian</option>
					<option value="id_ID">Indonesian (Indonesia)</option>
					<option value="it_IT">Italian</option>
					<option value="sr_RS">Serbian</option>
					<option value="hu_HU">Hungarian</option>
					<option value="sk_SK">Slovak</option>
					<option value="fa_IR">Persian</option>
					<option value="lv_LV">Latvian</option>
				</select>
				<head>{{select_lang}}</head>
			</input>
		</group>
	</settings>
	<db>mysql</db>
	<cron>
		<min>{rand(0,14)},{rand(15,29)},{rand(30,44)},{rand(45,59)}</min>
		<hour>*</hour>
		<day>*</day>
		<month>*</month>
		<weekday>*</weekday>
		<command>cd [[softpath]]; [[php_path]] -f cron.php > /dev/null</command>
	</cron>
</softinstall>