<?xml version="1.0" encoding="utf-8"?>
<extension version="3.9" client="administrator" type="language" method="upgrade">
	<name>Slovak (sk-SK)</name>
	<tag>sk-SK</tag>
	<version>3.9.28</version>
	<creationDate>Júl 2021</creationDate>
	<author>Slovak translation team : Peter Michnica</author>
	<authorEmail>petov@mail.com</authorEmail>
	<authorUrl>www.joomla.org</authorUrl>
	<copyright>Copyright (C) 2005 - 2020 Open Source Matters. Všetky práva vyhradené.</copyright>
	<license>GNU General Public License verzie 2 alebo neskoršej; Pozrite si súbor LICENSE.txt</license>
	<description>Jazykový balíček sk-SK pre administráciu</description>
	<files>
		<folder>/</folder>
		<filename file="meta">install.xml</filename>
	</files>
	<params/>
</extension>
