<?xml version="1.0" encoding="utf-8"?>
<extension version="3.9" client="administrator" type="language" method="upgrade">
	<name>Chinese Simplified (zh-CN)</name>
	<tag>zh-CN</tag>
	<version>3.10.1.1</version>
	<creationDate>2020年10月</creationDate>
	<author>Joomla!逐浪中文网 www.joomlachina.org.cn 周永建 </author>
	<authorEmail>zhou_yongjian@hotmail.com</authorEmail>
	<authorUrl>www.joomlachina.org.cn</authorUrl>
	<copyright>版权所有 (C) 2005 - 2020 Joomla!逐浪中文网 www.joomlachina.org.cn</copyright>
	<license>GNU General Public License version 2 or later; see LICENSE.txt</license>
	<description>zh-CN 管理后台简体中文语言</description>
	<files>
		<folder>/</folder>
		<filename file="meta">install.xml</filename>
	</files>
	<params />
</extension>
