<?xml version="1.0" encoding="utf-8"?>
<extension version="3.9" client="administrator" type="language" method="upgrade">
	<name>Português de Portugal (pt-PT)</name>
	<tag>pt-PT</tag>
	<version>3.9.29.2</version>
	<creationDate>2021-07-14</creationDate>
	<author>Comunidade JoomlaPortugal</author>
	<authorEmail>comunidadejoomlapt@gmail.com</authorEmail>
	<authorUrl>www.joomlaportugal.org</authorUrl>
	<copyright>Direitos de Autor (C) 2005 - 2020 Open Source Matters. Todos os direitos reservados.</copyright>
	<license>Licença Pública Geral GNU - versão 2 ou posterior; ver ficheiro LICENSE.txt</license>
	<description>Português de Portugal (pt-PT). Idioma da interface da área de administração</description>
	<files>
		<folder>/</folder>
		<filename file="meta">install.xml</filename>
	</files>
	<params/>
</extension>
