<?xml version="1.0" encoding="UTF-8"?>
<extension version="3.10" client="site" type="language" method="upgrade">
	<name>Swedish (Sweden)</name>
	<tag>sv-SE</tag>
	<version>3.10.1.1</version>
	<creationDate>30/08/2021</creationDate>
	<author>Swedish Joomla translator team - SvenskJoomla</author>
	<authorEmail>info@svenskjoomla.se</authorEmail>
	<authorUrl>https://www.svenskjoomla.se</authorUrl>
	<copyright>Copyright (C) 2005 - 2021 Open Source Matters, Inc. All rights reserved.</copyright>
	<license>http://www.gnu.org/licenses/gpl-2.0.html GNU/GPL</license>
	<description>sv-SE - Site language</description>
	<files>
		<filename>sv-SE.ini</filename>
		<filename>sv-SE.com_ajax.ini</filename>
		<filename>sv-SE.com_config.ini</filename>
		<filename>sv-SE.com_contact.ini</filename>
		<filename>sv-SE.com_content.ini</filename>
		<filename>sv-SE.com_finder.ini</filename>
		<filename>sv-SE.com_mailto.ini</filename>
		<filename>sv-SE.com_media.ini</filename>
		<filename>sv-SE.com_messages.ini</filename>
		<filename>sv-SE.com_newsfeeds.ini</filename>
		<filename>sv-SE.com_privacy.ini</filename>
		<filename>sv-SE.com_search.ini</filename>
		<filename>sv-SE.com_tags.ini</filename>
		<filename>sv-SE.com_users.ini</filename>
		<filename>sv-SE.com_weblinks.ini</filename>
		<filename>sv-SE.com_wrapper.ini</filename>
		<filename>sv-SE.files_joomla.sys.ini</filename>
		<filename>sv-SE.finder_cli.ini</filename>
		<filename>sv-SE.lib_fof.sys.ini</filename>
		<filename>sv-SE.lib_idna_convert.sys.ini</filename>
		<filename>sv-SE.lib_joomla.ini</filename>
		<filename>sv-SE.lib_joomla.sys.ini</filename>
		<filename>sv-SE.lib_phpass.sys.ini</filename>
		<filename>sv-SE.lib_phpmailer.sys.ini</filename>
		<filename>sv-SE.lib_phputf8.sys.ini</filename>
		<filename>sv-SE.lib_simplepie.sys.ini</filename>
		<filename>sv-SE.mod_articles_archive.ini</filename>
		<filename>sv-SE.mod_articles_archive.sys.ini</filename>
		<filename>sv-SE.mod_articles_categories.ini</filename>
		<filename>sv-SE.mod_articles_categories.sys.ini</filename>
		<filename>sv-SE.mod_articles_category.ini</filename>
		<filename>sv-SE.mod_articles_category.sys.ini</filename>
		<filename>sv-SE.mod_articles_latest.ini</filename>
		<filename>sv-SE.mod_articles_latest.sys.ini</filename>
		<filename>sv-SE.mod_articles_news.ini</filename>
		<filename>sv-SE.mod_articles_news.sys.ini</filename>
		<filename>sv-SE.mod_articles_popular.ini</filename>
		<filename>sv-SE.mod_articles_popular.sys.ini</filename>
		<filename>sv-SE.mod_banners.ini</filename>
		<filename>sv-SE.mod_banners.sys.ini</filename>
		<filename>sv-SE.mod_breadcrumbs.ini</filename>
		<filename>sv-SE.mod_breadcrumbs.sys.ini</filename>
		<filename>sv-SE.mod_custom.ini</filename>
		<filename>sv-SE.mod_custom.sys.ini</filename>
		<filename>sv-SE.mod_feed.ini</filename>
		<filename>sv-SE.mod_feed.sys.ini</filename>
		<filename>sv-SE.mod_finder.ini</filename>
		<filename>sv-SE.mod_finder.sys.ini</filename>
		<filename>sv-SE.mod_footer.ini</filename>
		<filename>sv-SE.mod_footer.sys.ini</filename>
		<filename>sv-SE.mod_languages.ini</filename>
		<filename>sv-SE.mod_languages.sys.ini</filename>
		<filename>sv-SE.mod_login.ini</filename>
		<filename>sv-SE.mod_login.sys.ini</filename>
		<filename>sv-SE.mod_menu.ini</filename>
		<filename>sv-SE.mod_menu.sys.ini</filename>
		<filename>sv-SE.mod_random_image.ini</filename>
		<filename>sv-SE.mod_random_image.sys.ini</filename>
		<filename>sv-SE.mod_related_items.ini</filename>
		<filename>sv-SE.mod_related_items.sys.ini</filename>
		<filename>sv-SE.mod_search.ini</filename>
		<filename>sv-SE.mod_search.sys.ini</filename>
		<filename>sv-SE.mod_stats.ini</filename>
		<filename>sv-SE.mod_stats.sys.ini</filename>
		<filename>sv-SE.mod_syndicate.ini</filename>
		<filename>sv-SE.mod_syndicate.sys.ini</filename>
		<filename>sv-SE.mod_tags_popular.ini</filename>
		<filename>sv-SE.mod_tags_popular.sys.ini</filename>
		<filename>sv-SE.mod_tags_similar.ini</filename>
		<filename>sv-SE.mod_tags_similar.sys.ini</filename>
		<filename>sv-SE.mod_users_latest.ini</filename>
		<filename>sv-SE.mod_users_latest.sys.ini</filename>
		<filename>sv-SE.mod_weblinks.ini</filename>
		<filename>sv-SE.mod_weblinks.sys.ini</filename>
		<filename>sv-SE.mod_whosonline.ini</filename>
		<filename>sv-SE.mod_whosonline.sys.ini</filename>
		<filename>sv-SE.mod_wrapper.ini</filename>
		<filename>sv-SE.mod_wrapper.sys.ini</filename>
		<filename>sv-SE.pkg_joomla.sys.ini</filename>
		<filename>sv-SE.tpl_beez3.ini</filename>
		<filename>sv-SE.tpl_beez3.sys.ini</filename>
		<filename>sv-SE.tpl_beez5.ini</filename>
		<filename>sv-SE.tpl_beez5.sys.ini</filename>
		<filename>sv-SE.tpl_beez_20.ini</filename>
		<filename>sv-SE.tpl_beez_20.sys.ini</filename>
		<filename>sv-SE.tpl_protostar.ini</filename>
		<filename>sv-SE.tpl_protostar.sys.ini</filename>
		<filename>sv-SE.localise.php</filename>
		<filename file="meta">install.xml</filename>
		<filename file="meta">sv-SE.xml</filename>
		<filename>index.html</filename>
	</files>
	<params />
</extension>
