<?xml version="1.0" encoding="utf-8"?>
<metafile version="3.9" client="site">
	<name>Português de Portugal (pt-PT)</name>
	<version>3.9.29.2</version>
	<creationDate>2021-07-14</creationDate>
	<author>Comunidade JoomlaPortugal</author>
	<authorEmail>comunidadejoomlapt@gmail.com</authorEmail>
	<authorUrl>www.joomlaportugal.org</authorUrl>
	<copyright>Direitos de Autor (C) 2005 - 2020 Open Source Matters. Todos os direitos reservados.</copyright>
	<license>Licença Pública Geral GNU - versão 2 ou posterior; ver ficheiro LICENSE.txt</license>
	<description><![CDATA[Português de Portugal (pt-PT). Idioma da interface da área de visitantes]]></description>
	<metadata>
		<name>Português (Portugal)</name>
		<nativeName>Português (Portugal)</nativeName>
		<tag>pt-PT</tag>
		<rtl>0</rtl>
		<locale>pt_PT.utf8, pt_PT.UTF-8, pt_PT, pt, portuguese</locale>
		<firstDay>1</firstDay>
		<weekEnd>0,6</weekEnd>
		<calendar>gregorian</calendar>
	</metadata>
	<params/>
</metafile>
