<?xml version="1.0" encoding="UTF-8"?>
<extension version="3.9" client="administrator" type="language" method="upgrade">
	<name>Russian (ru-RU)</name>
	<tag>ru-RU</tag>
	<version>3.10.0.1</version>
	<creationDate>17/08/2021</creationDate>
	<author>Russian Translation Team</author>
	<authorEmail>smart@joomlaportal.ru</authorEmail>
	<authorUrl>https://joomlaportal.ru</authorUrl>
	<copyright>Copyright (C) 2005 - 2021 Open Source Matters, Inc.</copyright>
	<license>GNU General Public License version 2 or later</license>
	<description><![CDATA[<p>Russian language pack (administrator) for Joomla!</p>]]></description>
	<files>
		<folder>/</folder>
		<filename file="meta">install.xml</filename>
		<filename file="meta">ru-RU.xml</filename>
	</files>
	<params />
</extension>
