<?xml version="1.0" encoding="utf-8"?>
<metafile version="3.9" client="administrator">
	<name>Hungarian (hu-HU)</name>
	<version>3.10.1</version>
	<creationDate>2021 August</creationDate>
	<author>Joomla! Hungary</author>
	<authorEmail>szerk@joomlacms.hu</authorEmail>
	<authorUrl>https://joomlacms.hu</authorUrl>
	<copyright>Copyright (C) 2013 Open Source Matters, Inc. All rights</copyright>
	<license>GNU General Public License version 2 or later; see LICENSE.txt</license>
	<description><![CDATA[hu-HU administrator language]]></description>
	<metadata>
		<name>Hungarian (hu-HU)</name>
		<nativeName>Magyar</nativeName>
		<tag>hu-HU</tag>
		<rtl>0</rtl>
		<locale>hu_HU.utf8, hu_HU.UTF8, hu_HU.utf-8, hu_HU.UTF-8, hun_HU.utf8, hun_HU.UTF8, hu, hungarian, hungary</locale>
		<firstDay>0</firstDay>
		<weekEnd>0,6</weekEnd>
		<calendar>gregorian</calendar>
	</metadata>
	<params/>
</metafile>
