<?xml version="1.0" encoding="utf-8"?>
<extension version="3.9" client="administrator" type="language" method="upgrade">
	<name>Hungarian (hu-HU)</name>
	<tag>hu-HU</tag>
	<version>3.10.1</version>
	<creationDate>2021 August</creationDate>
	<author>Joomla! Hungary</author>
	<authorEmail>szerk@joomlacms.hu</authorEmail>
	<authorUrl>https://joomlacms.hu</authorUrl>
	<copyright>Copyright (C) 2013 Open Source Matters, Inc. All rights</copyright>
	<license>GNU General Public License version 2 or later; see LICENSE.txt</license>
	<description>hu-HU administrator language</description>
	<files>
		<folder>/</folder>
		<filename file="meta">install.xml</filename>
	</files>
	<params/>
</extension>
