<?xml version="1.0" encoding="utf-8"?>
<metafile version="3.9" client="administrator">
	<name>Brazilian Portuguese (pt-BR)</name>
	<version>3.9.21.1</version>
	<creationDate>Setembro de 2020</creationDate>
	<author>Projeto Joomla!</author>
	<authorEmail>helvecio.dasilva@community.joomla.org</authorEmail>
	<authorUrl>www.joomla.org</authorUrl>
	<copyright>Copyright (C) 2005-2020 Open Source Matters. Todos os direitos reservados.</copyright>
	<license>GNU General Public License version 2 or later; see LICENSE.txt</license>
	<description><![CDATA[Brazilian Portuguese Administrator language]]></description>
	<metadata>
		<name>Português do Brasil (pt-BR)</name>
		<nativeName>Português do Brasil (pt-BR)</nativeName>
		<tag>pt-BR</tag>
		<rtl>0</rtl>
		<locale>pt_BR.utf8, pt_BR.UTF-8, pt_BR, brazil</locale>
		<firstDay>0</firstDay>
		<weekEnd>0,6</weekEnd>
		<calendar>gregorian</calendar>
	</metadata>
	<params/>
</metafile>
