<?xml version="1.0" encoding="utf-8"?>
<metafile version="3.9" client="site">
	<name>Dansk (Denmark)</name>
	<version>3.10.1</version>
	<creationDate>August 2021</creationDate>
	<author>Danish Translation Team (Transl.: Ronny Buelund, Ole Bang Ottosen)</author>
	<authorEmail>mail@danskjoomla.dk</authorEmail>
	<authorUrl>www.joomla.org</authorUrl>
	<copyright>(C) 2006 Open Source Matters, Inc.</copyright>
	<license>GNU General Public License version 2 or later; see LICENSE.txt</license>
	<description><![CDATA[da-DK danish language]]></description>
	<metadata>
		<name>Danish (Denmark)</name>
		<nativeName>Dansk (Denmark)</nativeName>
		<tag>da-DK</tag>
		<rtl>0</rtl>
		<locale>da_DK.utf8, da_DK.UTF-8, da_DK.UTF-8@euro, Danish_Standard,danish, da_DK, dan_DK, da</locale>
		<firstDay>1</firstDay>
		<weekEnd>0,6</weekEnd>
		<calendar>gregorian</calendar>
	</metadata>
	<params/>
</metafile>
