<?xml version="1.0" encoding="utf-8"?>
<extension version="3.9" client="site" type="language" method="upgrade">
	<name>Brazilian Portuguese (pt-BR)</name>
	<tag>pt-BR</tag>
	<version>3.9.21.1</version>
	<creationDate>Setembro de 2020</creationDate>
	<author>Projeto Joomla!</author>
	<authorEmail>helvecio.dasilva@community.joomla.org</authorEmail>
	<authorUrl>www.joomla.org</authorUrl>
	<copyright>Copyright (C) 2005-2020 Open Source Matters. Todos os direitos reservados.</copyright>
	<license>GNU General Public License version 2 or later; see LICENSE.txt</license>
	<description>pt-BR site language</description>
	<files>
		<folder>/</folder>
		<filename file="meta">install.xml</filename>
	</files>
	<params/>
</extension>
