<?xml version="1.0" encoding="utf-8"?>
<metafile version="3.9" client="administrator">
	<name>Czech (Čeština)</name>
	<version>3.9.27</version>
	<creationDate>Květen 2021</creationDate>
	<author>Czech Translation Team</author>
	<authorEmail>admin@joomla.cz</authorEmail>
	<authorUrl>https://www.joomlaportal.cz</authorUrl>
	<copyright>Copyright (C) 2005 - 2020 Open Source Matters. All rights reserved.</copyright>
	<license>GNU General Public License version 2 or later; see LICENSE.txt</license>
	<description><![CDATA[cs-CZ - Administration language]]></description>
	<metadata>
		<name>Czech (Čeština)</name>
		<nativeName>Czech (Czech republic)</nativeName>
		<tag>cs-CZ</tag>
		<rtl>0</rtl>
		<locale>cs_CZ.utf8, cs_CZ.UTF-8, cs_CZ, cze_CZ, cz, czech</locale>
		<firstDay>1</firstDay>
		<weekEnd>0,6</weekEnd>
		<calendar>gregorian</calendar>
	</metadata>
	<params/>
</metafile>
