<?xml version="1.0" encoding="utf-8"?>
<extension version="3.9" client="administrator" type="language" method="upgrade">
	<name>Czech (Čeština)</name>
	<tag>cs-CZ</tag>
	<version>3.9.27</version>
	<creationDate>Květen 2021</creationDate>
	<author>Czech Translation Team</author>
	<authorEmail>admin@joomla.cz</authorEmail>
	<authorUrl>https://www.joomlaportal.cz</authorUrl>
	<copyright>Copyright (C) 2005 - 2020 Open Source Matters. All rights reserved.</copyright>
	<license>GNU General Public License version 2 or later; see LICENSE.txt</license>
	<description>cs-CZ - Administration language</description>
	<files>
		<folder>/</folder>
		<filename file="meta">install.xml</filename>
	</files>
	<params/>
</extension>
