<?xml version="1.0" encoding="utf-8"?>
<metafile version="3.8"  client="site">
	<name>Korean(Republic of Korea)</name>
	<tag>ko-KR</tag>
	<version>3.8.9.1</version>
	<creationDate>2018-07-21</creationDate>
	<author>Korean Translation Team</author>
	<authorEmail>ko-kr_joomla@kilmeny.net</authorEmail>
	<authorUrl>http://joomla.ecfirm.net/</authorUrl>
	<copyright>Copyright (C) 2011 - 2018 Korean Translation Team and 2005 - 2018 Open Source Matters. All rights reserved.</copyright>
	<license>GNU General Public License version 2 or later; see LICENSE.txt</license>
	<description>ko-KR site language</description>
	<metadata>
		<name>Korean(Republic of Korea)</name>
		<nativeName>한국어 (Korean)</nativeName>
		<tag>ko-KR</tag>
		<rtl>0</rtl>
		<locale>ko_KR.utf8, ko_KR.UTF-8, ko_KR, kor_KR, ko, korean, korea-KO, Republic of Korea, KO, Korea, korea</locale>
		<firstDay>0</firstDay>
		<weekEnd>0,6</weekEnd>
	</metadata>
	<params />
</metafile>
