<?xml version="1.0" encoding="utf-8"?>
<extension version="3.9" client="site" type="language" method="upgrade">
	<name>Greek (el-GR)</name>
	<tag>el-GR</tag>
	<version>3.10.2.1</version>
	<creationDate>Σεπτ.   2021</creationDate>
	<author>Ομάδα Μετάφρασης στα Ελληνικά: joomla. gr</author>
	<authorEmail>contact@joomla.gr</authorEmail>
	<authorUrl>https://www.joomla.gr</authorUrl>
	<copyright>Copyright (C) 2005 - 2021 joomla. gr και Open Source Matters. All rights reserved.</copyright>
	<license>Γενική Άδεια Δημόσιας Χρήσης GNU (GNU GPL), έκδοση 2 ή μεταγενέστερη; δείτε το LICENSE.txt</license>
	<description>greek language pack for Joomla! 3.9.24</description>
	<files>
		<folder>/</folder>
		<filename file="meta">install.xml</filename>
	</files>
	<params/>
</extension>
