﻿<?xml version="1.0" encoding="utf-8"?>
<metafile version="3.9" client="administrator">
	<name>Türkçe (Türkiye)</name>
	<version>3.9.28.1</version>
	<creationDate>July 2021</creationDate>
	<author>Ümit Kenan Gönüllü</author>
	<authorEmail>umitkenan@yahoo.com</authorEmail>
	<authorUrl></authorUrl>
	<copyright>Copyright (C) 2005 - 2021 Open Source Matters. All rights reserved.</copyright>
	<license>GNU General Public License version 2 or later; see LICENSE.txt</license>
	<description>tr-TR administrator language</description>
	<metadata>
		<name>Türkçe (tr-TR)</name>
		<nativeName>Türkçe (Türkiye)</nativeName>
		<tag>tr-TR</tag>
		<rtl>0</rtl>
		<locale>tr_TR.utf8, tr_TR.UTF-8, tr_TR, tur_TR, tr, turkish, turkish-tr, türkçe, turkey, türkiye, turk, türk, türkiye cumhuriyeti, tc</locale>
		<firstDay>1</firstDay>
		<weekEnd>0,6</weekEnd>
		<calendar>gregorian</calendar>
	</metadata>
	<params />
</metafile>
