<softinstall xmlns="http://www.softaculous.com">
	<settings>
		<group>
			<heading>{{ad_act}}</heading>
			<input type="text" name="admin_email" size="30" value="admin" softmail="true">
				<head>{{ad_email}}</head>
				<handle>__email_address</handle>
			</input>	
			<input type="text" name="admin_pass" size="30" value="pass">
				<head>{{ad_pass}}</head>
				<handle>__admin_pass</handle>
			</input>
			<input type="text" name="email_name" size="30" value="Your E-Mail Name">
				<head>{{email_name}}</head>
			</input>
			<input type="text" name="admin_fname" size="30" value="System">
				<head>{{f_name}}</head>
			</input>
			<input type="text" name="admin_lname" size="30" value="Administrator">
				<head>{{l_name}}</head>
			</input>
		</group>
	</settings>
	<db>mysql</db>
	<files>
		<exclude>install/config-setup.php</exclude>
	</files>
</softinstall>