<?xml version="1.0" encoding="utf-8"?>
<extension version="3.9" client="administrator" type="language" method="upgrade">
	<name>Polish (PL)</name>
	<tag>pl-PL</tag>
	<version>3.9.28.1</version>
	<creationDate>lipiec 2021</creationDate>
	<author>Polskie Centrum Joomla</author>
	<authorEmail>zwiastun@joomla.pl</authorEmail>
	<authorUrl>https://www.joomla.pl</authorUrl>
	<copyright>Copyright (C) 2005-2021 Open Source Matters. All right reserved.</copyright>
	<license>GNU General Public License version 2 or later; see LICENSE.txt</license>
	<description>Język zaplecza Joomla! 3.9.28 - https://www. joomla. pl</description>
	<files>
		<folder>/</folder>
		<filename file="meta">install.xml</filename>
	</files>
	<params />
</extension>
