<?xml version="1.0" encoding="utf-8"?>
<extension version="3.9" client="administrator" type="language" method="upgrade">
	<name>Greek</name>
	<tag>el-GR</tag>
	<version>3.10.2.1</version>
	<creationDate>Σεπτ. 2021</creationDate>
	<author>Ομάδα Μετάφρασης στα Ελληνικά: joomla. gr</author>
	<authorEmail>contact@joomla.gr</authorEmail>
	<authorUrl>https://www.joomla.gr</authorUrl>
	<copyright>Copyright (C) 2005 - 2021 Open Source Matters, Inc. All rights reserved.</copyright>
	<license>GNU General Public License version 2 or later; see LICENSE.txt</license>
	<description>greek administrator language pack for Joomla! 3.9.25</description>
	<files>
		<folder>/</folder>
		<filename file="meta">install.xml</filename>
	</files>
	<params/>
</extension>
