<?xml version="1.0" encoding="utf-8"?>
<extension version="3.9" client="site" type="language" method="upgrade">
	<name>Norwegian Bokmal (nb-NO)</name>
	<tag>nb-NO</tag>
	<version>3.10.0</version>
	<creationDate>August 2021</creationDate>
	<author>Norwegian Translation Team at Crowdin</author>
	<authorEmail>admin@joomla.org</authorEmail>
	<authorUrl>www.joomla.org</authorUrl>
	<copyright>(C) 2013 Open Source Matters, Inc.</copyright>
	<license>GNU General Public License version 2 or later; see LICENSE.txt</license>
	<description>Norwegian bokmål site language for Joomla! 3.x</description>
	<files>
		<folder>/</folder>
		<filename file="meta">install.xml</filename>
	</files>
	<params/>
</extension>
