<?xml version="1.0" encoding="utf-8"?>
<metafile version="3.9" client="site">
	<name>Norwegian bokmål (nb-NO)</name>
	<version>3.10.0</version>
	<creationDate>August 2021</creationDate>
	<author>Norwegian Translation Team at Crowdin</author>
	<authorEmail>admin@joomla.org</authorEmail>
	<authorUrl>www.joomla.org</authorUrl>
	<copyright>(C) 2006 Open Source Matters, Inc.</copyright>
	<license>GNU General Public License version 2 or later; see LICENSE.txt</license>
	<description><![CDATA[nb-NO site language]]></description>
	<metadata>
		<name>Norwegian bokmål (Norway)</name>
		<nativeName>Norsk bokmål (Norge)</nativeName>
		<tag>nb-NO</tag>
		<rtl>0</rtl>
		<locale>no_NO.utf-8, nb_NO.utf-8, no_NO.UTF-8, nb_NO.UTF-8, nb_NO.utf8, no_NO.utf8, no, nb, nob-NO, no_NO, nb_NO, Norwegian_Bokmal, nor, norwegian, bokmal, bokmål</locale>
		<firstDay>1</firstDay>
		<weekEnd>0,6</weekEnd>
		<calendar>gregorian</calendar>
	</metadata>
	<params/>
</metafile>
