<?xml version="1.0" encoding="utf-8"?>
<metafile version="3.9" client="site">
	<name>Polski (PL)</name>
	<version>3.9.28.1</version>
	<creationDate>lipiec 2021</creationDate>
	<author>Polskie Centrum Joomla!</author>
	<authorEmail>zwiastun@joomla.pl</authorEmail>
	<authorUrl>https://www.joomla.pl</authorUrl>
	<copyright>(C) 2005 - 2021 Open Source Matters. All right reserved.</copyright>
	<license>GNU General Public License version 2 or later; see LICENSE.txt</license>
	<description><![CDATA[Język witryny Joomla 3.9.28. - https://www.joomla.pl]]></description>
	<metadata>
		<name>Polish (PL)</name>
		<nativeName>Polski (PL)</nativeName>
		<tag>pl-PL</tag>
		<rtl>0</rtl>
		<locale>pl-PL.utf8, pl_PL.UTF8, pl_PL.utf8, pl_PL.UTF-8, pl_PL.utf-8, polish_POLISH.UTF8, polish_POLISH.utf8, pl.UTF8, polish.UTF8, polish-pl.UTF8, PL.UTF8, polish.utf8, polish-pl.utf8, PL.utf8, pl_PL, polish_POLISH, pl, polish, polish-pl, PL, poland, Poland, pl_PL.ISO8859-2, polish_POLISH.ISO8859-2, pl.ISO8859-2, polish.ISO8859-2 polish-pl.ISO8859-2, PL.ISO8859-2, pl_PL.iso88592, polish_POLISH.iso88592, pl.iso88592, polish.iso88592, polish-pl.iso88592, PL.iso88592</locale>
		<firstDay>1</firstDay>
		<weekEnd>0,6</weekEnd>
		<calendar>gregorian</calendar>
	</metadata>
	<params />
</metafile>
