<?xml version="1.0" encoding="utf-8"?>
<extension version="3.9" client="administrator" type="language" method="upgrade">
	<name>Japanese (Japan)</name>
	<tag>ja-JP</tag>
	<version>3.9.28.1</version>
	<creationDate>July 2021</creationDate>
	<author>JOOMLA.JP</author>
	<authorEmail>project@joomla.jp</authorEmail>
	<authorUrl>http://joomla.jp</authorUrl>
	<copyright>Copyright (C) 2005 - 2020 Open Source Matters. All rights reserved.</copyright>
	<license>GNU General Public License version 2 or later; see LICENSE.txt</license>
	<description>管理画面用日本語ファイルです。</description>
	<files>
	<filename>ja-JP.com_actionlogs.ini</filename>
	<filename>ja-JP.com_actionlogs.sys.ini</filename>
	<filename>ja-JP.com_admin.ini</filename>
	<filename>ja-JP.com_admin.sys.ini</filename>
	<filename>ja-JP.com_ajax.ini</filename>
	<filename>ja-JP.com_ajax.sys.ini</filename>
	<filename>ja-JP.com_associations.ini</filename>
	<filename>ja-JP.com_associations.sys.ini</filename>
	<filename>ja-JP.com_banners.ini</filename>
	<filename>ja-JP.com_banners.sys.ini</filename>
	<filename>ja-JP.com_cache.ini</filename>
	<filename>ja-JP.com_cache.sys.ini</filename>
	<filename>ja-JP.com_categories.ini</filename>
	<filename>ja-JP.com_categories.sys.ini</filename>
	<filename>ja-JP.com_checkin.ini</filename>
	<filename>ja-JP.com_checkin.sys.ini</filename>
	<filename>ja-JP.com_config.ini</filename>
	<filename>ja-JP.com_config.sys.ini</filename>
	<filename>ja-JP.com_contact.ini</filename>
	<filename>ja-JP.com_contact.sys.ini</filename>
	<filename>ja-JP.com_content.ini</filename>
	<filename>ja-JP.com_content.sys.ini</filename>
	<filename>ja-JP.com_contenthistory.ini</filename>
	<filename>ja-JP.com_contenthistory.sys.ini</filename>
	<filename>ja-JP.com_cpanel.ini</filename>
	<filename>ja-JP.com_cpanel.sys.ini</filename>
	<filename>ja-JP.com_fields.ini</filename>
	<filename>ja-JP.com_fields.sys.ini</filename>
	<filename>ja-JP.com_finder.ini</filename>
	<filename>ja-JP.com_finder.sys.ini</filename>
	<filename>ja-JP.com_installer.ini</filename>
	<filename>ja-JP.com_installer.sys.ini</filename>
	<filename>ja-JP.com_joomlaupdate.ini</filename>
	<filename>ja-JP.com_joomlaupdate.sys.ini</filename>
	<filename>ja-JP.com_languages.ini</filename>
	<filename>ja-JP.com_languages.sys.ini</filename>
	<filename>ja-JP.com_login.ini</filename>
	<filename>ja-JP.com_login.sys.ini</filename>
	<filename>ja-JP.com_mailto.sys.ini</filename>
	<filename>ja-JP.com_media.ini</filename>
	<filename>ja-JP.com_media.sys.ini</filename>
	<filename>ja-JP.com_menus.ini</filename>
	<filename>ja-JP.com_menus.sys.ini</filename>
	<filename>ja-JP.com_messages.ini</filename>
	<filename>ja-JP.com_messages.sys.ini</filename>
	<filename>ja-JP.com_modules.ini</filename>
	<filename>ja-JP.com_modules.sys.ini</filename>
	<filename>ja-JP.com_newsfeeds.ini</filename>
	<filename>ja-JP.com_newsfeeds.sys.ini</filename>
	<filename>ja-JP.com_plugins.ini</filename>
	<filename>ja-JP.com_plugins.sys.ini</filename>
	<filename>ja-JP.com_postinstall.ini</filename>
	<filename>ja-JP.com_postinstall.sys.ini</filename>
	<filename>ja-JP.com_privacy.ini</filename>
	<filename>ja-JP.com_privacy.sys.ini</filename>
	<filename>ja-JP.com_redirect.ini</filename>
	<filename>ja-JP.com_redirect.sys.ini</filename>
	<filename>ja-JP.com_search.ini</filename>
	<filename>ja-JP.com_search.sys.ini</filename>
	<filename>ja-JP.com_tags.ini</filename>
	<filename>ja-JP.com_tags.sys.ini</filename>
	<filename>ja-JP.com_templates.ini</filename>
	<filename>ja-JP.com_templates.sys.ini</filename>
	<filename>ja-JP.com_users.ini</filename>
	<filename>ja-JP.com_users.sys.ini</filename>
	<filename>ja-JP.com_weblinks.ini</filename>
	<filename>ja-JP.com_weblinks.sys.ini</filename>
	<filename>ja-JP.com_wrapper.ini</filename>
	<filename>ja-JP.com_wrapper.sys.ini</filename>
	<filename>ja-JP.ini</filename>
	<filename>ja-JP.lib_joomla.ini</filename>
	<filename>ja-JP.localise.php</filename>
	<filename>ja-JP.mod_custom.ini</filename>
	<filename>ja-JP.mod_custom.sys.ini</filename>
	<filename>ja-JP.mod_feed.ini</filename>
	<filename>ja-JP.mod_feed.sys.ini</filename>
	<filename>ja-JP.mod_latest.ini</filename>
	<filename>ja-JP.mod_latest.sys.ini</filename>
	<filename>ja-JP.mod_latestactions.ini</filename>
	<filename>ja-JP.mod_latestactions.sys.ini</filename>
	<filename>ja-JP.mod_logged.ini</filename>
	<filename>ja-JP.mod_logged.sys.ini</filename>
	<filename>ja-JP.mod_login.ini</filename>
	<filename>ja-JP.mod_login.sys.ini</filename>
	<filename>ja-JP.mod_menu.ini</filename>
	<filename>ja-JP.mod_menu.sys.ini</filename>
	<filename>ja-JP.mod_multilangstatus.ini</filename>
	<filename>ja-JP.mod_multilangstatus.sys.ini</filename>
	<filename>ja-JP.mod_popular.ini</filename>
	<filename>ja-JP.mod_popular.sys.ini</filename>
	<filename>ja-JP.mod_privacy_dashboard.ini</filename>
	<filename>ja-JP.mod_privacy_dashboard.sys.ini</filename>
	<filename>ja-JP.mod_quickicon.ini</filename>
	<filename>ja-JP.mod_quickicon.sys.ini</filename>
	<filename>ja-JP.mod_sampledata.ini</filename>
	<filename>ja-JP.mod_sampledata.sys.ini</filename>
	<filename>ja-JP.mod_stats_admin.ini</filename>
	<filename>ja-JP.mod_stats_admin.sys.ini</filename>
	<filename>ja-JP.mod_status.ini</filename>
	<filename>ja-JP.mod_status.sys.ini</filename>
	<filename>ja-JP.mod_submenu.ini</filename>
	<filename>ja-JP.mod_submenu.sys.ini</filename>
	<filename>ja-JP.mod_title.ini</filename>
	<filename>ja-JP.mod_title.sys.ini</filename>
	<filename>ja-JP.mod_toolbar.ini</filename>
	<filename>ja-JP.mod_toolbar.sys.ini</filename>
	<filename>ja-JP.mod_version.ini</filename>
	<filename>ja-JP.mod_version.sys.ini</filename>
	<filename>ja-JP.plg_actionlog_joomla.ini</filename>
	<filename>ja-JP.plg_actionlog_joomla.sys.ini</filename>
	<filename>ja-JP.plg_authentication_cookie.ini</filename>
	<filename>ja-JP.plg_authentication_cookie.sys.ini</filename>
	<filename>ja-JP.plg_authentication_gmail.ini</filename>
	<filename>ja-JP.plg_authentication_gmail.sys.ini</filename>
	<filename>ja-JP.plg_authentication_joomla.ini</filename>
	<filename>ja-JP.plg_authentication_joomla.sys.ini</filename>
	<filename>ja-JP.plg_authentication_ldap.ini</filename>
	<filename>ja-JP.plg_authentication_ldap.sys.ini</filename>
	<filename>ja-JP.plg_captcha_recaptcha.ini</filename>
	<filename>ja-JP.plg_captcha_recaptcha.sys.ini</filename>
	<filename>ja-JP.plg_captcha_recaptcha_invisible.ini</filename>
	<filename>ja-JP.plg_captcha_recaptcha_invisible.sys.ini</filename>
	<filename>ja-JP.plg_content_confirmconsent.ini</filename>
	<filename>ja-JP.plg_content_confirmconsent.sys.ini</filename>
	<filename>ja-JP.plg_content_contact.ini</filename>
	<filename>ja-JP.plg_content_contact.sys.ini</filename>
	<filename>ja-JP.plg_content_emailcloak.ini</filename>
	<filename>ja-JP.plg_content_emailcloak.sys.ini</filename>
	<filename>ja-JP.plg_content_fields.ini</filename>
	<filename>ja-JP.plg_content_fields.sys.ini</filename>
	<filename>ja-JP.plg_content_finder.ini</filename>
	<filename>ja-JP.plg_content_finder.sys.ini</filename>
	<filename>ja-JP.plg_content_joomla.ini</filename>
	<filename>ja-JP.plg_content_joomla.sys.ini</filename>
	<filename>ja-JP.plg_content_loadmodule.ini</filename>
	<filename>ja-JP.plg_content_loadmodule.sys.ini</filename>
	<filename>ja-JP.plg_content_pagebreak.ini</filename>
	<filename>ja-JP.plg_content_pagebreak.sys.ini</filename>
	<filename>ja-JP.plg_content_pagenavigation.ini</filename>
	<filename>ja-JP.plg_content_pagenavigation.sys.ini</filename>
	<filename>ja-JP.plg_content_vote.ini</filename>
	<filename>ja-JP.plg_content_vote.sys.ini</filename>
	<filename>ja-JP.plg_editors_codemirror.ini</filename>
	<filename>ja-JP.plg_editors_codemirror.sys.ini</filename>
	<filename>ja-JP.plg_editors_none.ini</filename>
	<filename>ja-JP.plg_editors_none.sys.ini</filename>
	<filename>ja-JP.plg_editors_tinymce.ini</filename>
	<filename>ja-JP.plg_editors_tinymce.sys.ini</filename>
	<filename>ja-JP.plg_editors-xtd_article.ini</filename>
	<filename>ja-JP.plg_editors-xtd_article.sys.ini</filename>
	<filename>ja-JP.plg_editors-xtd_contact.ini</filename>
	<filename>ja-JP.plg_editors-xtd_contact.sys.ini</filename>
	<filename>ja-JP.plg_editors-xtd_fields.ini</filename>
	<filename>ja-JP.plg_editors-xtd_fields.sys.ini</filename>
	<filename>ja-JP.plg_editors-xtd_image.ini</filename>
	<filename>ja-JP.plg_editors-xtd_image.sys.ini</filename>
	<filename>ja-JP.plg_editors-xtd_menu.ini</filename>
	<filename>ja-JP.plg_editors-xtd_menu.sys.ini</filename>
	<filename>ja-JP.plg_editors-xtd_module.ini</filename>
	<filename>ja-JP.plg_editors-xtd_module.sys.ini</filename>
	<filename>ja-JP.plg_editors-xtd_pagebreak.ini</filename>
	<filename>ja-JP.plg_editors-xtd_pagebreak.sys.ini</filename>
	<filename>ja-JP.plg_editors-xtd_readmore.ini</filename>
	<filename>ja-JP.plg_editors-xtd_readmore.sys.ini</filename>
	<filename>ja-JP.plg_editors-xtd_weblink.ini</filename>
	<filename>ja-JP.plg_editors-xtd_weblink.sys.ini</filename>
	<filename>ja-JP.plg_extension_joomla.ini</filename>
	<filename>ja-JP.plg_extension_joomla.sys.ini</filename>
	<filename>ja-JP.plg_fields_calendar.ini</filename>
	<filename>ja-JP.plg_fields_calendar.sys.ini</filename>
	<filename>ja-JP.plg_fields_checkboxes.ini</filename>
	<filename>ja-JP.plg_fields_checkboxes.sys.ini</filename>
	<filename>ja-JP.plg_fields_color.ini</filename>
	<filename>ja-JP.plg_fields_color.sys.ini</filename>
	<filename>ja-JP.plg_fields_editor.ini</filename>
	<filename>ja-JP.plg_fields_editor.sys.ini</filename>
	<filename>ja-JP.plg_fields_image.ini</filename>
	<filename>ja-JP.plg_fields_image.sys.ini</filename>
	<filename>ja-JP.plg_fields_imagelist.ini</filename>
	<filename>ja-JP.plg_fields_imagelist.sys.ini</filename>
	<filename>ja-JP.plg_fields_integer.ini</filename>
	<filename>ja-JP.plg_fields_integer.sys.ini</filename>
	<filename>ja-JP.plg_fields_list.ini</filename>
	<filename>ja-JP.plg_fields_list.sys.ini</filename>
	<filename>ja-JP.plg_fields_media.ini</filename>
	<filename>ja-JP.plg_fields_media.sys.ini</filename>
	<filename>ja-JP.plg_fields_radio.ini</filename>
	<filename>ja-JP.plg_fields_radio.sys.ini</filename>
	<filename>ja-JP.plg_fields_repeatable.ini</filename>
	<filename>ja-JP.plg_fields_repeatable.sys.ini</filename>
	<filename>ja-JP.plg_fields_sql.ini</filename>
	<filename>ja-JP.plg_fields_sql.sys.ini</filename>
	<filename>ja-JP.plg_fields_text.ini</filename>
	<filename>ja-JP.plg_fields_text.sys.ini</filename>
	<filename>ja-JP.plg_fields_textarea.ini</filename>
	<filename>ja-JP.plg_fields_textarea.sys.ini</filename>
	<filename>ja-JP.plg_fields_url.ini</filename>
	<filename>ja-JP.plg_fields_url.sys.ini</filename>
	<filename>ja-JP.plg_fields_user.ini</filename>
	<filename>ja-JP.plg_fields_user.sys.ini</filename>
	<filename>ja-JP.plg_fields_usergrouplist.ini</filename>
	<filename>ja-JP.plg_fields_usergrouplist.sys.ini</filename>
	<filename>ja-JP.plg_finder_categories.ini</filename>
	<filename>ja-JP.plg_finder_categories.sys.ini</filename>
	<filename>ja-JP.plg_finder_contacts.ini</filename>
	<filename>ja-JP.plg_finder_contacts.sys.ini</filename>
	<filename>ja-JP.plg_finder_content.ini</filename>
	<filename>ja-JP.plg_finder_content.sys.ini</filename>
	<filename>ja-JP.plg_finder_newsfeeds.ini</filename>
	<filename>ja-JP.plg_finder_newsfeeds.sys.ini</filename>
	<filename>ja-JP.plg_finder_tags.ini</filename>
	<filename>ja-JP.plg_finder_tags.sys.ini</filename>
	<filename>ja-JP.plg_finder_weblinks.ini</filename>
	<filename>ja-JP.plg_finder_weblinks.sys.ini</filename>
	<filename>ja-JP.plg_installer_folderinstaller.ini</filename>
	<filename>ja-JP.plg_installer_folderinstaller.sys.ini</filename>
	<filename>ja-JP.plg_installer_packageinstaller.ini</filename>
	<filename>ja-JP.plg_installer_packageinstaller.sys.ini</filename>
	<filename>ja-JP.plg_installer_urlinstaller.ini</filename>
	<filename>ja-JP.plg_installer_urlinstaller.sys.ini</filename>
	<filename>ja-JP.plg_installer_webinstaller.ini</filename>
	<filename>ja-JP.plg_installer_webinstaller.sys.ini</filename>
	<filename>ja-JP.plg_privacy_actionlogs.ini</filename>
	<filename>ja-JP.plg_privacy_actionlogs.sys.ini</filename>
	<filename>ja-JP.plg_privacy_consents.ini</filename>
	<filename>ja-JP.plg_privacy_consents.sys.ini</filename>
	<filename>ja-JP.plg_privacy_contact.ini</filename>
	<filename>ja-JP.plg_privacy_contact.sys.ini</filename>
	<filename>ja-JP.plg_privacy_content.ini</filename>
	<filename>ja-JP.plg_privacy_content.sys.ini</filename>
	<filename>ja-JP.plg_privacy_message.ini</filename>
	<filename>ja-JP.plg_privacy_message.sys.ini</filename>
	<filename>ja-JP.plg_privacy_user.ini</filename>
	<filename>ja-JP.plg_privacy_user.sys.ini</filename>
	<filename>ja-JP.plg_quickicon_extensionupdate.ini</filename>
	<filename>ja-JP.plg_quickicon_extensionupdate.sys.ini</filename>
	<filename>ja-JP.plg_quickicon_joomlaupdate.ini</filename>
	<filename>ja-JP.plg_quickicon_joomlaupdate.sys.ini</filename>
	<filename>ja-JP.plg_quickicon_phpversioncheck.ini</filename>
	<filename>ja-JP.plg_quickicon_phpversioncheck.sys.ini</filename>
	<filename>ja-JP.plg_quickicon_privacycheck.ini</filename>
	<filename>ja-JP.plg_quickicon_privacycheck.sys.ini</filename>
	<filename>ja-JP.plg_sampledata_blog.ini</filename>
	<filename>ja-JP.plg_sampledata_blog.sys.ini</filename>
	<filename>ja-JP.plg_search_categories.ini</filename>
	<filename>ja-JP.plg_search_categories.sys.ini</filename>
	<filename>ja-JP.plg_search_contacts.ini</filename>
	<filename>ja-JP.plg_search_contacts.sys.ini</filename>
	<filename>ja-JP.plg_search_content.ini</filename>
	<filename>ja-JP.plg_search_content.sys.ini</filename>
	<filename>ja-JP.plg_search_newsfeeds.ini</filename>
	<filename>ja-JP.plg_search_newsfeeds.sys.ini</filename>
	<filename>ja-JP.plg_search_tags.ini</filename>
	<filename>ja-JP.plg_search_tags.sys.ini</filename>
	<filename>ja-JP.plg_search_weblinks.ini</filename>
	<filename>ja-JP.plg_search_weblinks.sys.ini</filename>
	<filename>ja-JP.plg_system_actionlogs.ini</filename>
	<filename>ja-JP.plg_system_actionlogs.sys.ini</filename>
	<filename>ja-JP.plg_system_cache.ini</filename>
	<filename>ja-JP.plg_system_cache.sys.ini</filename>
	<filename>ja-JP.plg_system_debug.ini</filename>
	<filename>ja-JP.plg_system_debug.sys.ini</filename>
	<filename>ja-JP.plg_system_fields.ini</filename>
	<filename>ja-JP.plg_system_fields.sys.ini</filename>
	<filename>ja-JP.plg_system_highlight.ini</filename>
	<filename>ja-JP.plg_system_highlight.sys.ini</filename>
	<filename>ja-JP.plg_system_languagecode.ini</filename>
	<filename>ja-JP.plg_system_languagecode.sys.ini</filename>
	<filename>ja-JP.plg_system_languagefilter.ini</filename>
	<filename>ja-JP.plg_system_languagefilter.sys.ini</filename>
	<filename>ja-JP.plg_system_log.ini</filename>
	<filename>ja-JP.plg_system_log.sys.ini</filename>
	<filename>ja-JP.plg_system_logout.ini</filename>
	<filename>ja-JP.plg_system_logout.sys.ini</filename>
	<filename>ja-JP.plg_system_logrotation.ini</filename>
	<filename>ja-JP.plg_system_logrotation.sys.ini</filename>
	<filename>ja-JP.plg_system_p3p.ini</filename>
	<filename>ja-JP.plg_system_p3p.sys.ini</filename>
	<filename>ja-JP.plg_system_privacyconsent.ini</filename>
	<filename>ja-JP.plg_system_privacyconsent.sys.ini</filename>
	<filename>ja-JP.plg_system_redirect.ini</filename>
	<filename>ja-JP.plg_system_redirect.sys.ini</filename>
	<filename>ja-JP.plg_system_remember.ini</filename>
	<filename>ja-JP.plg_system_remember.sys.ini</filename>
	<filename>ja-JP.plg_system_sef.ini</filename>
	<filename>ja-JP.plg_system_sef.sys.ini</filename>
	<filename>ja-JP.plg_system_sessiongc.ini</filename>
	<filename>ja-JP.plg_system_sessiongc.sys.ini</filename>
	<filename>ja-JP.plg_system_stats.ini</filename>
	<filename>ja-JP.plg_system_stats.sys.ini</filename>
	<filename>ja-JP.plg_system_updatenotification.ini</filename>
	<filename>ja-JP.plg_system_updatenotification.sys.ini</filename>
	<filename>ja-JP.plg_system_weblinks.ini</filename>
	<filename>ja-JP.plg_system_weblinks.sys.ini</filename>
	<filename>ja-JP.plg_twofactorauth_totp.ini</filename>
	<filename>ja-JP.plg_twofactorauth_totp.sys.ini</filename>
	<filename>ja-JP.plg_twofactorauth_yubikey.ini</filename>
	<filename>ja-JP.plg_twofactorauth_yubikey.sys.ini</filename>
	<filename>ja-JP.plg_user_contactcreator.ini</filename>
	<filename>ja-JP.plg_user_contactcreator.sys.ini</filename>
	<filename>ja-JP.plg_user_joomla.ini</filename>
	<filename>ja-JP.plg_user_joomla.sys.ini</filename>
	<filename>ja-JP.plg_user_profile.ini</filename>
	<filename>ja-JP.plg_user_profile.sys.ini</filename>
	<filename>ja-JP.plg_user_terms.ini</filename>
	<filename>ja-JP.plg_user_terms.sys.ini</filename>
	<filename>ja-JP.tpl_hathor.ini</filename>
	<filename>ja-JP.tpl_hathor.sys.ini</filename>
	<filename>ja-JP.tpl_isis.ini</filename>
	<filename>ja-JP.tpl_isis.sys.ini</filename>
    <folder>/</folder>
<filename file="meta">install.xml</filename>
<filename file="meta">ja-JP.xml</filename>
	</files>
</extension>
